Control_ID,Control_Objective,Scope_Assets,Control_Owner,Assessment_Method,Pass_Criteria,Evidence_Refs,Design_Rating,Operating_Rating,Test_Result,Condition_Summary,NIST_CSF,CIS_Control,GDPR_Relevance,Related_Risks,Finding_ID,Evidence_Label
CTL-01,Approved security policies define responsibilities and review dates,All,COO,"Examine, Interview","Approved policy set, named owners, annual review, exceptions tracked",EV-001,Not present,Not present,Fail,No approved corporate security policy documents or formal review history were available for inspection.,NIST GV.PO-01,Policy support across CIS Controls,GDPR Article 24,"R-001, R-002, R-007, R-008",F-01,Not provided
CTL-02,Critical assets are inventoried, owned, classified, and maintained,AST-001 to AST-018,IT Manager,"Examine, Test","All 18 assets have unique IDs, owners, classification, criticality, and status",EV-002,Effective,Effective for baseline,Pass,"18 of 18 assets contained required fields; no duplicate IDs were identified.",NIST ID.AM-01 / NIST ID.AM-02,"CIS 1, 2",Not directly applicable,All,None,Observed
CTL-03,Cyber risks are consistently assessed, owned, and treated,All,CTO,"Examine, Test","Method exists, scores recalculate, High and Critical risks have owners and dates",EV-003,Effective,Partially effective,Partial,"Risk records were internally consistent (R-003 inherent 4x5=20; R-005 residual 3x5=15), but formal approval and recurring executive review evidence were not available.",NIST GV.RM-01,No direct top-level CIS Control,GDPR Article 32,R-001 to R-010,F-02,Simulated
CTL-04,MFA is enforced for all workforce and privileged identities,"AST-006, AST-007, AST-017",IT Manager,Examine,100% active workforce identities covered and legacy authentication blocked,EV-004,Partially effective,Partially effective,Partial,MFA is active for only 4 administrator accounts out of 60 workforce identities resulting in a 6.7% coverage rate and a 93.3 percentage-point gap.,NIST PR.AA-03,CIS 6,GDPR Article 32,R-001,F-03,Simulated
CTL-05,Access rights are reviewed and inappropriate access is removed,AST-006 to AST-012,IT Manager,"Examine, Interview","Quarterly review covers active, privileged, dormant, and departed accounts, with exceptions closed",EV-005,Not present,Not present,Fail,No records of regular access entitlement reviews or account lifecycle checklists were available.,NIST PR.AA-05,"CIS 5, 6",GDPR Article 24,R-002,F-04,Not provided
CTL-06,Critical vulnerabilities and patches are managed within defined targets,"AST-004, AST-008",Engineering Lead,"Examine, Interview","Approved severity targets, current status, exceptions, and evidence of timely remediation",EV-006,Partially effective,Partially effective,Partial,Patch execution relies on informal administrator notes rather than automated validation with no approved SLAs or vulnerability tracking reports.,NIST ID.RA-01 / NIST PR.PS-02,CIS 7,Not directly applicable,"R-003, R-009",F-05,Simulated
CTL-07,Secure configurations are defined and checked for Windows and Ubuntu,"AST-004, AST-008",IT Manager,Examine,"Approved baselines, deployment evidence, deviation record, and periodic validation",EV-007,Not present,Not present,Fail,No documented configuration hardening benchmarks or automated baseline checking records were found.,NIST PR.PS-01,CIS 4,Not directly applicable,"R-003, R-009",F-06,Not provided
CTL-08,High-risk AWS activity is logged, reviewed, and escalated Close,"AST-003, AST-013, AST-014",IT Manager,"Examine, Interview","CloudTrail enabled, priority events defined, review frequency assigned, sample review completed",EV-008,Partially effective,Partially effective,Partial,Log generation is designed and CloudTrail is enabled via the cloud environment, but active review pipelines and escalation workflows are not operationally evidenced.,NIST DE.CM-09 / NIST DE.AE-03,"CIS 8, 13",Not directly applicable,R-006,F-07,Simulated
CTL-09,Incident response is approved, usable, and exercised,All critical services,COO,"Examine, Interview","Approved plan, roles, severities, communications, annual exercise, action tracking",EV-009,Partially effective,Ineffective,Partial,An unapproved draft incident response document exists, but no live scenario testing or exercise logs have been recorded in the past 12 months.,NIST RS.MA-01 / NIST RS.MA-03,CIS 17,GDPR Article 32,R-007,F-08,Simulated
CTL-10,Backups are protected and recoverability is tested,"AST-002, AST-005",IT Manager,"Examine, Test","Backup success plus quarterly restore, integrity check, recovery time, and issue tracking",EV-010,Partially effective,Ineffective for restoration,Partial,Automated data storage back-up routines are partially evidenced as operational, but restoration testing is ineffective due to a complete absence of integrity validation or recovery time metrics (supporting R-005).,NIST PR.DS-11 / NIST RC.RP-03,CIS 11,GDPR Article 32,R-005,F-09,Simulated
CTL-11,Personal and sensitive data is classified, minimized, retained, and protected,DAT-001 to DAT-006,COO,"Examine, Interview","Inventory, purpose, access, retention, deletion, and owner are documented and reviewed",EV-011,Partially effective,Partially effective,Partial,Data classification schemes are defined inside the asset inventory register, but underlying data retention periods have not been formally validated with legal or business owners.,NIST GV.OC-03 / NIST PR.DS-01,CIS 3,GDPR Article 5,"R-004, R-008",F-10,Simulated
CTL-12,Vendors receive risk-based due diligence and required contract terms,"AST-010 to AST-012, AST-018",COO,Examine,"Critical vendors prioritized, evidence reviewed, processor terms checked, decision approved",EV-012,Not present,Not present,Fail,Commercial supplier agreements are assumed to exist, but structured third-party security due diligence workflows are entirely absent.,NIST GV.SC-04 to GV.SC-07,CIS 15,GDPR Article 28,R-008,F-11,Simulated
CTL-13,Vendor security and service risk is monitored through the relationship,Seven vendors,COO,"Examine, Interview","Owners, review frequency, incidents, assurance changes, exceptions, and termination actions tracked",EV-012,Not present,Not present,Fail,No programmatic verification procedures or continuous tracking logs exist to monitor vendor compliance over time.,NIST GV.SC-07 to GV.SC-10,CIS 15,GDPR Article 28,R-008,F-11,Simulated
CTL-14,Secrets are stored, detected, rotated, and access-controlled,"AST-003, AST-004, AST-009",Engineering Lead,Examine,"Approved storage, secret scanning, rotation, ownership, and response process evidenced",EV-013,Not present,Not tested,Fail,Relying on private repositories alone does not prove active monitoring controls; no automated pipeline credential scanning is currently operational.,NIST PR.AA-01 / NIST PR.DS-01,"CIS 3, 16",Not directly applicable,R-010,F-012,Not provided
CTL-15,Personnel receive role-relevant security awareness and follow-up,All personnel,IT Manager,"Examine, Interview","Annual assignment, completion, role-specific content, overdue follow-up, and effectiveness review",EV-014,Not tested,Not tested,Not Tested,No training metrics or awareness course completion logs were provided; no objective conclusion can be supported for this evaluation window.,NIST PR.AT-01,CIS 14,Not directly applicable,"R-001, R-007",F-013,Not provided

